{
  "dataset": "atmsplit",
  "model": "ffag_npgf",
  "checkpoint": "/scratch/ab9738/fieldformer/ablations/architecture/checkpoints/ffag_npgf_atmsplitsparse_best.pt",
  "obs_key": "U_sensor",
  "mask_key": "U_sensor_mask",
  "num_sparse_test": 65202,
  "bootstrap_samples": 1000,
  "bootstrap_seed": 123,
  "sparse_test": {
    "rmse": 8.305684581909553,
    "mae": 3.9528218856690223,
    "rmse_bootstrap_std": 0.9045989542270763,
    "mae_bootstrap_std": 0.3167632792315123,
    "channels": {
      "AT": {
        "rmse": 4.682802226412834,
        "mae": 3.2006608371339507,
        "count": 65121,
        "rmse_bootstrap_std": 0.6321133092972534,
        "mae_bootstrap_std": 0.460027695676802
      },
      "RH": {
        "rmse": 15.63239089332029,
        "mae": 10.106438452808195,
        "count": 65202,
        "rmse_bootstrap_std": 1.9519058480750056,
        "mae_bootstrap_std": 1.3181729649493839
      },
      "U_x": {
        "rmse": 2.3624346780755667,
        "mae": 1.330140684263488,
        "count": 64595,
        "rmse_bootstrap_std": 0.6137373734048259,
        "mae_bootstrap_std": 0.2493105674192194
      },
      "V_y": {
        "rmse": 1.67070823701696,
        "mae": 1.1223477774982584,
        "count": 64595,
        "rmse_bootstrap_std": 0.1498108998536748,
        "mae_bootstrap_std": 0.11890406778040756
      }
    }
  },
  "split": {
    "split_type": "sensor_holdout",
    "sensor_split_seed": 123,
    "val_sensors": 3,
    "test_sensors": 3,
    "min_valid_frac": 0.1,
    "require_all_channels": false,
    "min_valid_per_channel": 2196,
    "eligible_sensor_indices": [
      0,
      1,
      5,
      7,
      10,
      12,
      13,
      15,
      16,
      17,
      19,
      20,
      21,
      22,
      23,
      24,
      27,
      28,
      29,
      30,
      31
    ],
    "eligible_sensor_ids": [
      "AnandVihar_DPCC",
      "AshokVihar_DPCC",
      "DKSSR_DPCC",
      "DwarkaSector8_DPCC",
      "IHBAS_CPCB",
      "JNS_DPCC",
      "Jahangirpuri_DPCC",
      "MDCNS_DPCC",
      "MandirMarg_DPCC",
      "Mundaka_DPCC",
      "NehruNagar_DPCC",
      "OkhlaPhase2_DPCC",
      "Patparganj_DPCC",
      "PunjabiBagh_DPCC",
      "RKPuram_DPCC",
      "Rohini_DPCC",
      "SoniaVihar_DPCC",
      "SriAurobindoMarg_DPCC",
      "VivekVihar_DPCC",
      "Wazirpur_DPCC",
      "Pusa_averaged"
    ],
    "train_sensor_indices": [
      0,
      2,
      3,
      4,
      6,
      7,
      8,
      9,
      10,
      11,
      12,
      14,
      16,
      17,
      18,
      20,
      21,
      22,
      23,
      24,
      25,
      26,
      27,
      28,
      30,
      31
    ],
    "val_sensor_indices": [
      13,
      15,
      29
    ],
    "test_sensor_indices": [
      1,
      5,
      19
    ],
    "train_sensor_ids": [
      "AnandVihar_DPCC",
      "AyaNagar_IMD",
      "BurariCrossing_IMD",
      "CRRIMathuraRoad_IMD",
      "DTU_CPCB",
      "DwarkaSector8_DPCC",
      "EastArjunNagar_CPCB",
      "IGIAirport_IMD",
      "IHBAS_CPCB",
      "ITO_CPCB",
      "JNS_DPCC",
      "LodhiRoad_IMD",
      "MandirMarg_DPCC",
      "Mundaka_DPCC",
      "NSIT_CPCB",
      "OkhlaPhase2_DPCC",
      "Patparganj_DPCC",
      "PunjabiBagh_DPCC",
      "RKPuram_DPCC",
      "Rohini_DPCC",
      "Shadipur_CPCB",
      "Sirifort_CPCB",
      "SoniaVihar_DPCC",
      "SriAurobindoMarg_DPCC",
      "Wazirpur_DPCC",
      "Pusa_averaged"
    ],
    "val_sensor_ids": [
      "Jahangirpuri_DPCC",
      "MDCNS_DPCC",
      "VivekVihar_DPCC"
    ],
    "test_sensor_ids": [
      "AshokVihar_DPCC",
      "DKSSR_DPCC",
      "NehruNagar_DPCC"
    ]
  },
  "context_sensor_ids": [
    "AnandVihar_DPCC",
    "AyaNagar_IMD",
    "BurariCrossing_IMD",
    "CRRIMathuraRoad_IMD",
    "DTU_CPCB",
    "DwarkaSector8_DPCC",
    "EastArjunNagar_CPCB",
    "IGIAirport_IMD",
    "IHBAS_CPCB",
    "ITO_CPCB",
    "JNS_DPCC",
    "LodhiRoad_IMD",
    "MandirMarg_DPCC",
    "Mundaka_DPCC",
    "NSIT_CPCB",
    "OkhlaPhase2_DPCC",
    "Patparganj_DPCC",
    "PunjabiBagh_DPCC",
    "RKPuram_DPCC",
    "Rohini_DPCC",
    "Shadipur_CPCB",
    "Sirifort_CPCB",
    "SoniaVihar_DPCC",
    "SriAurobindoMarg_DPCC",
    "Wazirpur_DPCC",
    "Pusa_averaged",
    "Jahangirpuri_DPCC",
    "MDCNS_DPCC",
    "VivekVihar_DPCC"
  ]
}
