{
  "dataset": "swe",
  "model": "ffag_nophys",
  "checkpoint": "/scratch/ab9738/fieldformer/ablations/architecture/checkpoints/ffag_swesparse_nophys_best.pt",
  "obs_key": "eta_sensor_noisy",
  "num_sparse_test": 20000,
  "num_full_field": 40960000,
  "num_full_field_total": 40960000,
  "full_field_sample_fraction": 1.0,
  "bootstrap_samples": 1000,
  "bootstrap_seed": 123,
  "sparse_test": {
    "rmse": 0.04643968398861476,
    "mae": 0.03703372421264649,
    "rmse_bootstrap_std": 0.00025396946102750273,
    "mae_bootstrap_std": 0.0001957042123043257
  },
  "full_field": {
    "rmse": 0.20145793928496683,
    "mae": 0.146497883280615,
    "rmse_bootstrap_std": 0.00025462086105999674,
    "mae_bootstrap_std": 0.0002115318127960537
  }
}
