{
  "dataset": "pol",
  "model": "ffag_npgf",
  "checkpoint": "/scratch/ab9738/fieldformer/ablations/architecture/checkpoints/ffag_npgf_polsparse_best.pt",
  "obs_key": "U_sensor_noisy",
  "mask_key": "",
  "num_sparse_test": 32000,
  "bootstrap_samples": 1000,
  "bootstrap_seed": 123,
  "sparse_test": {
    "rmse": 0.11535362616429538,
    "mae": 0.09212092113494873,
    "rmse_bootstrap_std": 0.00029490665158670603,
    "mae_bootstrap_std": 0.00018838933103135534,
    "channels": {
      "channel_0": {
        "rmse": 0.11535362771443247,
        "mae": 0.09212092590332031,
        "count": 32000,
        "rmse_bootstrap_std": 0.00029490665158670603,
        "mae_bootstrap_std": 0.00018838933103135534
      }
    }
  },
  "num_full_field": 16000000,
  "num_full_field_total": 16000000,
  "full_field_sample_fraction": 1.0,
  "full_field": {
    "rmse": 0.43659204544229296,
    "mae": 0.08202626297414303,
    "rmse_bootstrap_std": 0.04515348976772462,
    "mae_bootstrap_std": 0.006124988408684785
  }
}
