{
  "dataset": "swe",
  "model": "ffag_mlp",
  "checkpoint": "/scratch/ab9738/fieldformer/ablations/architecture/checkpoints/ffag_mlp_swesparse_best.pt",
  "obs_key": "eta_sensor_noisy",
  "num_sparse_test": 20000,
  "num_full_field": 40960000,
  "num_full_field_total": 40960000,
  "full_field_sample_fraction": 1.0,
  "bootstrap_samples": 1000,
  "bootstrap_seed": 123,
  "sparse_test": {
    "rmse": 0.04712590700890592,
    "mae": 0.03761415786743164,
    "rmse_bootstrap_std": 0.0002381289801479634,
    "mae_bootstrap_std": 0.0001870459908436318
  },
  "full_field": {
    "rmse": 0.2190464792391209,
    "mae": 0.1576616984864076,
    "rmse_bootstrap_std": 0.00023197353795948722,
    "mae_bootstrap_std": 0.00015737016883867478
  }
}
