{
  "dataset": "heat",
  "model": "ffag_npgf",
  "checkpoint": "/scratch/ab9738/fieldformer/ablations/architecture/checkpoints/ffag_npgf_heatsparse_best.pt",
  "obs_key": "sensor_noisy",
  "mask_key": "",
  "num_sparse_test": 20000,
  "bootstrap_samples": 1000,
  "bootstrap_seed": 123,
  "sparse_test": {
    "rmse": 0.22497047739257298,
    "mae": 0.17411286010742189,
    "rmse_bootstrap_std": 0.0010091262820863406,
    "mae_bootstrap_std": 0.0006781043003029058,
    "channels": {
      "channel_0": {
        "rmse": 0.22497048417514684,
        "mae": 0.1741128662109375,
        "count": 20000,
        "rmse_bootstrap_std": 0.0010091262820863406,
        "mae_bootstrap_std": 0.0006781043003029058
      }
    }
  },
  "num_full_field": 40960000,
  "num_full_field_total": 40960000,
  "full_field_sample_fraction": 1.0,
  "full_field": {
    "rmse": 0.2192610602050085,
    "mae": 0.1641263302131556,
    "rmse_bootstrap_std": 0.0011906838493240825,
    "mae_bootstrap_std": 0.0008903103298632259
  }
}
