{
  "dataset": "atmsplit",
  "model": "ffag_nophys",
  "checkpoint": "/scratch/ab9738/fieldformer/ablations/architecture/checkpoints/ffag_atmsplitsparse_nophys_best.pt",
  "obs_key": "U_sensor",
  "mask_key": "U_sensor_mask",
  "num_sparse_test": 65202,
  "bootstrap_samples": 1000,
  "bootstrap_seed": 123,
  "sparse_test": {
    "rmse": 8.338058447303222,
    "mae": 3.8850846645929105,
    "rmse_bootstrap_std": 1.1690672265068245,
    "mae_bootstrap_std": 0.36433386454231864,
    "channels": {
      "AT": {
        "rmse": 4.630111951896,
        "mae": 3.1396431738609665,
        "count": 65121,
        "rmse_bootstrap_std": 0.6376019012962475,
        "mae_bootstrap_std": 0.43842751094151905
      },
      "RH": {
        "rmse": 15.7481710839056,
        "mae": 10.040672640409804,
        "count": 65202,
        "rmse_bootstrap_std": 2.5171970507241825,
        "mae_bootstrap_std": 1.567501343867461
      },
      "U_x": {
        "rmse": 2.260291481785089,
        "mae": 1.2821703982506385,
        "count": 64595,
        "rmse_bootstrap_std": 0.6081245153593722,
        "mae_bootstrap_std": 0.22687210436518204
      },
      "V_y": {
        "rmse": 1.5018377356095887,
        "mae": 1.0260799258843565,
        "count": 64595,
        "rmse_bootstrap_std": 0.14255993341120987,
        "mae_bootstrap_std": 0.09529351508666349
      }
    }
  },
  "split": {
    "split_type": "sensor_holdout",
    "sensor_split_seed": 123,
    "val_sensors": 3,
    "test_sensors": 3,
    "min_valid_frac": 0.1,
    "require_all_channels": false,
    "min_valid_per_channel": 2196,
    "eligible_sensor_indices": [
      0,
      1,
      5,
      7,
      10,
      12,
      13,
      15,
      16,
      17,
      19,
      20,
      21,
      22,
      23,
      24,
      27,
      28,
      29,
      30,
      31
    ],
    "eligible_sensor_ids": [
      "AnandVihar_DPCC",
      "AshokVihar_DPCC",
      "DKSSR_DPCC",
      "DwarkaSector8_DPCC",
      "IHBAS_CPCB",
      "JNS_DPCC",
      "Jahangirpuri_DPCC",
      "MDCNS_DPCC",
      "MandirMarg_DPCC",
      "Mundaka_DPCC",
      "NehruNagar_DPCC",
      "OkhlaPhase2_DPCC",
      "Patparganj_DPCC",
      "PunjabiBagh_DPCC",
      "RKPuram_DPCC",
      "Rohini_DPCC",
      "SoniaVihar_DPCC",
      "SriAurobindoMarg_DPCC",
      "VivekVihar_DPCC",
      "Wazirpur_DPCC",
      "Pusa_averaged"
    ],
    "train_sensor_indices": [
      0,
      2,
      3,
      4,
      6,
      7,
      8,
      9,
      10,
      11,
      12,
      14,
      16,
      17,
      18,
      20,
      21,
      22,
      23,
      24,
      25,
      26,
      27,
      28,
      30,
      31
    ],
    "val_sensor_indices": [
      13,
      15,
      29
    ],
    "test_sensor_indices": [
      1,
      5,
      19
    ],
    "train_sensor_ids": [
      "AnandVihar_DPCC",
      "AyaNagar_IMD",
      "BurariCrossing_IMD",
      "CRRIMathuraRoad_IMD",
      "DTU_CPCB",
      "DwarkaSector8_DPCC",
      "EastArjunNagar_CPCB",
      "IGIAirport_IMD",
      "IHBAS_CPCB",
      "ITO_CPCB",
      "JNS_DPCC",
      "LodhiRoad_IMD",
      "MandirMarg_DPCC",
      "Mundaka_DPCC",
      "NSIT_CPCB",
      "OkhlaPhase2_DPCC",
      "Patparganj_DPCC",
      "PunjabiBagh_DPCC",
      "RKPuram_DPCC",
      "Rohini_DPCC",
      "Shadipur_CPCB",
      "Sirifort_CPCB",
      "SoniaVihar_DPCC",
      "SriAurobindoMarg_DPCC",
      "Wazirpur_DPCC",
      "Pusa_averaged"
    ],
    "val_sensor_ids": [
      "Jahangirpuri_DPCC",
      "MDCNS_DPCC",
      "VivekVihar_DPCC"
    ],
    "test_sensor_ids": [
      "AshokVihar_DPCC",
      "DKSSR_DPCC",
      "NehruNagar_DPCC"
    ]
  },
  "context_sensor_ids": [
    "AnandVihar_DPCC",
    "AyaNagar_IMD",
    "BurariCrossing_IMD",
    "CRRIMathuraRoad_IMD",
    "DTU_CPCB",
    "DwarkaSector8_DPCC",
    "EastArjunNagar_CPCB",
    "IGIAirport_IMD",
    "IHBAS_CPCB",
    "ITO_CPCB",
    "JNS_DPCC",
    "LodhiRoad_IMD",
    "MandirMarg_DPCC",
    "Mundaka_DPCC",
    "NSIT_CPCB",
    "OkhlaPhase2_DPCC",
    "Patparganj_DPCC",
    "PunjabiBagh_DPCC",
    "RKPuram_DPCC",
    "Rohini_DPCC",
    "Shadipur_CPCB",
    "Sirifort_CPCB",
    "SoniaVihar_DPCC",
    "SriAurobindoMarg_DPCC",
    "Wazirpur_DPCC",
    "Pusa_averaged",
    "Jahangirpuri_DPCC",
    "MDCNS_DPCC",
    "VivekVihar_DPCC"
  ]
}
