{
  "dataset": "pol",
  "model": "ffag",
  "checkpoint": "/scratch/ab9738/fieldformer/fieldformer_core/checkpoints/ffag_polsparse_best.pt",
  "obs_key": "U_sensor_noisy",
  "num_sparse_test": 32000,
  "num_full_field": 16000000,
  "num_full_field_total": 16000000,
  "full_field_sample_fraction": 1.0,
  "bootstrap_samples": 1000,
  "bootstrap_seed": 123,
  "sparse_test": {
    "rmse": 0.12144865976790048,
    "mae": 0.09683146572113037,
    "rmse_bootstrap_std": 0.0003220814706504698,
    "mae_bootstrap_std": 0.0002315165686113727
  },
  "full_field": {
    "rmse": 0.4582437953187038,
    "mae": 0.13860576621031762,
    "rmse_bootstrap_std": 0.04408568045975207,
    "mae_bootstrap_std": 0.006249927152725525
  }
}
