{
  "dataset": "heat",
  "model": "ffag",
  "checkpoint": "/scratch/ab9738/fieldformer/fieldformer_core/checkpoints/ffag_heatsparse_best.pt",
  "obs_key": "sensor_noisy",
  "num_sparse_test": 20000,
  "num_full_field": 40960000,
  "num_full_field_total": 40960000,
  "full_field_sample_fraction": 1.0,
  "bootstrap_samples": 1000,
  "bootstrap_seed": 123,
  "sparse_test": {
    "rmse": 0.10711251619436582,
    "mae": 0.08512546844482421,
    "rmse_bootstrap_std": 0.0009742968770377744,
    "mae_bootstrap_std": 0.0007930457670111635
  },
  "full_field": {
    "rmse": 0.16409873512898782,
    "mae": 0.1189380493272096,
    "rmse_bootstrap_std": 0.0011017645694268018,
    "mae_bootstrap_std": 0.0007892121360510032
  }
}
