{
  "dataset": "pol",
  "model": "fmlp_pinn",
  "checkpoint": "/scratch/ab9738/fieldformer/baselines/checkpoints/fmlp_pinn_polsparse_best.pt",
  "obs_key": "U_sensor_noisy",
  "num_sparse_test": 32000,
  "num_full_field": 16000000,
  "bootstrap_samples": 1000,
  "bootstrap_seed": 123,
  "sparse_test": {
    "rmse": 0.1148461353287836,
    "mae": 0.09159252834320068,
    "rmse_bootstrap_std": 0.0003400734612603742,
    "mae_bootstrap_std": 0.00021407222796138774
  },
  "full_field": {
    "rmse": 0.4651870720327288,
    "mae": 0.131376162409544,
    "rmse_bootstrap_std": 0.043218554191415834,
    "mae_bootstrap_std": 0.006371229760980624
  }
}
