{
  "dataset": "swe",
  "model": "fmlp_pinn",
  "checkpoint": "/scratch/ab9738/fieldformer/baselines/checkpoints/fmlp_pinn_swesparse_best.pt",
  "obs_key": "eta_sensor_noisy",
  "num_sparse_test": 20000,
  "num_full_field": 40960000,
  "bootstrap_samples": 1000,
  "bootstrap_seed": 123,
  "sparse_test": {
    "rmse": 0.10100555110066681,
    "mae": 0.08043635864257813,
    "rmse_bootstrap_std": 0.000434238894442786,
    "mae_bootstrap_std": 0.0002824235429314431
  },
  "full_field": {
    "rmse": 0.18002097051592897,
    "mae": 0.13113281804174184,
    "rmse_bootstrap_std": 0.00016949432023184724,
    "mae_bootstrap_std": 0.00014482168426371107
  }
}
