{
  "dataset": "govpol",
  "model": "imputeformer",
  "checkpoint": "/scratch/ab9738/fieldformer/baselines/checkpoints/imputeformer_govpolsparse_best.pt",
  "obs_key": "U_sensor",
  "mask_key": "U_sensor_mask",
  "num_sparse_test": 64690,
  "bootstrap_samples": 1000,
  "bootstrap_seed": 123,
  "sparse_test": {
    "rmse": 48.43325729453993,
    "mae": 26.769166478137468,
    "rmse_bootstrap_std": 0.5409666341464648,
    "mae_bootstrap_std": 0.10550374498701966,
    "channels": {
      "pm10": {
        "rmse": 58.96471357452713,
        "mae": 35.19903388104525,
        "count": 57938,
        "rmse_bootstrap_std": 0.6289471002162965,
        "mae_bootstrap_std": 0.14618567068555058
      },
      "pm25": {
        "rmse": 36.27245807237836,
        "mae": 19.09182294040901,
        "count": 63617,
        "rmse_bootstrap_std": 0.7988198877498296,
        "mae_bootstrap_std": 0.13088756705575008
      }
    }
  }
}
