{
  "dataset": "govpol",
  "model": "imputeformer",
  "checkpoint": "/scratch/ab9738/fieldformer/baselines/checkpoints/imputeformer_govpolsparse_best.pt",
  "obs_key": "U_sensor",
  "mask_key": "U_sensor_mask",
  "num_sparse_test": 64690,
  "bootstrap_samples": 1000,
  "bootstrap_seed": 123,
  "sparse_test": {
    "rmse": 48.36047407839464,
    "mae": 26.744152209904982,
    "rmse_bootstrap_std": 0.5363635444447523,
    "mae_bootstrap_std": 0.10335982922463559,
    "channels": {
      "pm10": {
        "rmse": 58.85622508668317,
        "mae": 35.170475335703685,
        "count": 57938
      },
      "pm25": {
        "rmse": 36.24736125499666,
        "mae": 19.070036311048934,
        "count": 63617
      }
    }
  }
}
