{
  "dataset": "pol",
  "model": "imputeformer",
  "checkpoint": "/scratch/ab9738/fieldformer/baselines/checkpoints/imputeformer_polsparse_best.pt",
  "obs_key": "U_sensor_noisy",
  "num_sparse_test": 32000,
  "num_full_field": 16000000,
  "bootstrap_samples": 1000,
  "bootstrap_seed": 123,
  "sparse_test": {
    "rmse": 0.11845424815507029,
    "mae": 0.09443536949157715,
    "rmse_bootstrap_std": 0.0003339440841809111,
    "mae_bootstrap_std": 0.0002698250964656114
  },
  "full_field": {
    "rmse": 0.4482272987474786,
    "mae": 0.1103180123847723,
    "rmse_bootstrap_std": 0.043902221500009976,
    "mae_bootstrap_std": 0.006130259565419077
  }
}
