{
  "dataset": "govpol",
  "model": "recfno",
  "checkpoint": "/scratch/ab9738/fieldformer/baselines/checkpoints/recfno_govpolsparse_best.pt",
  "obs_key": "U_sensor",
  "mask_key": "U_sensor_mask",
  "num_sparse_test": 64690,
  "bootstrap_samples": 1000,
  "bootstrap_seed": 123,
  "sparse_test": {
    "rmse": 44.142542023414585,
    "mae": 24.133984230389537,
    "rmse_bootstrap_std": 0.5823739238052734,
    "mae_bootstrap_std": 0.10977663838377295,
    "channels": {
      "pm10": {
        "rmse": 53.83818894205288,
        "mae": 31.25382520970693,
        "count": 57938,
        "rmse_bootstrap_std": 0.7036547037751806,
        "mae_bootstrap_std": 0.18997469912044365
      },
      "pm25": {
        "rmse": 32.914755184006964,
        "mae": 17.64972413034252,
        "count": 63617,
        "rmse_bootstrap_std": 0.7806117761867111,
        "mae_bootstrap_std": 0.10666980318064022
      }
    }
  }
}
