{
  "dataset": "pol",
  "model": "recfno",
  "checkpoint": "/scratch/ab9738/fieldformer/baselines/checkpoints/recfno_polsparse_best.pt",
  "obs_key": "U_sensor_noisy",
  "num_sparse_test": 32000,
  "num_full_field": 16000000,
  "bootstrap_samples": 1000,
  "bootstrap_seed": 123,
  "sparse_test": {
    "rmse": 0.11731181760415726,
    "mae": 0.09374668407440186,
    "rmse_bootstrap_std": 0.0002566950201443707,
    "mae_bootstrap_std": 0.0002271570416610568
  },
  "full_field": {
    "rmse": 0.5676117670022103,
    "mae": 0.1684228692975044,
    "rmse_bootstrap_std": 0.034911481742332315,
    "mae_bootstrap_std": 0.006464303902675533
  }
}
