{
  "dataset": "atmsplit",
  "model": "recfno",
  "checkpoint": "/scratch/ab9738/fieldformer/baselines/checkpoints/recfno_atmsplitsparse_best.pt",
  "obs_key": "U_sensor",
  "mask_key": "U_sensor_mask",
  "num_sparse_test": 65202,
  "bootstrap_samples": 1000,
  "bootstrap_seed": 123,
  "sparse_test": {
    "rmse": 12.40367540390858,
    "mae": 7.319088151412453,
    "rmse_bootstrap_std": 0.5377830146836963,
    "mae_bootstrap_std": 0.2856900511206991,
    "channels": {
      "AT": {
        "rmse": 11.33549245640792,
        "mae": 9.333310299289016,
        "count": 65121,
        "rmse_bootstrap_std": 0.7088178445477465,
        "mae_bootstrap_std": 0.590049654294021
      },
      "RH": {
        "rmse": 21.883760192311478,
        "mae": 18.202219640501824,
        "count": 65202,
        "rmse_bootstrap_std": 1.1370532118454153,
        "mae_bootstrap_std": 1.0392283720127498
      },
      "U_x": {
        "rmse": 2.0338601476981566,
        "mae": 0.9904018548262249,
        "count": 64595,
        "rmse_bootstrap_std": 0.6999728319151685,
        "mae_bootstrap_std": 0.2368879468767965
      },
      "V_y": {
        "rmse": 1.0138026959045787,
        "mae": 0.6317521673504142,
        "count": 64595,
        "rmse_bootstrap_std": 0.1774038579712986,
        "mae_bootstrap_std": 0.07665586635222997
      }
    }
  },
  "split": {
    "split_type": "sensor_holdout",
    "sensor_split_seed": 123,
    "val_sensors": 3,
    "test_sensors": 3,
    "min_valid_frac": 0.1,
    "require_all_channels": false,
    "min_valid_per_channel": 2196,
    "eligible_sensor_indices": [
      0,
      1,
      5,
      7,
      10,
      12,
      13,
      15,
      16,
      17,
      19,
      20,
      21,
      22,
      23,
      24,
      27,
      28,
      29,
      30,
      31
    ],
    "eligible_sensor_ids": [
      "AnandVihar_DPCC",
      "AshokVihar_DPCC",
      "DKSSR_DPCC",
      "DwarkaSector8_DPCC",
      "IHBAS_CPCB",
      "JNS_DPCC",
      "Jahangirpuri_DPCC",
      "MDCNS_DPCC",
      "MandirMarg_DPCC",
      "Mundaka_DPCC",
      "NehruNagar_DPCC",
      "OkhlaPhase2_DPCC",
      "Patparganj_DPCC",
      "PunjabiBagh_DPCC",
      "RKPuram_DPCC",
      "Rohini_DPCC",
      "SoniaVihar_DPCC",
      "SriAurobindoMarg_DPCC",
      "VivekVihar_DPCC",
      "Wazirpur_DPCC",
      "Pusa_averaged"
    ],
    "train_sensor_indices": [
      0,
      2,
      3,
      4,
      6,
      7,
      8,
      9,
      10,
      11,
      12,
      14,
      16,
      17,
      18,
      20,
      21,
      22,
      23,
      24,
      25,
      26,
      27,
      28,
      30,
      31
    ],
    "val_sensor_indices": [
      13,
      15,
      29
    ],
    "test_sensor_indices": [
      1,
      5,
      19
    ],
    "train_sensor_ids": [
      "AnandVihar_DPCC",
      "AyaNagar_IMD",
      "BurariCrossing_IMD",
      "CRRIMathuraRoad_IMD",
      "DTU_CPCB",
      "DwarkaSector8_DPCC",
      "EastArjunNagar_CPCB",
      "IGIAirport_IMD",
      "IHBAS_CPCB",
      "ITO_CPCB",
      "JNS_DPCC",
      "LodhiRoad_IMD",
      "MandirMarg_DPCC",
      "Mundaka_DPCC",
      "NSIT_CPCB",
      "OkhlaPhase2_DPCC",
      "Patparganj_DPCC",
      "PunjabiBagh_DPCC",
      "RKPuram_DPCC",
      "Rohini_DPCC",
      "Shadipur_CPCB",
      "Sirifort_CPCB",
      "SoniaVihar_DPCC",
      "SriAurobindoMarg_DPCC",
      "Wazirpur_DPCC",
      "Pusa_averaged"
    ],
    "val_sensor_ids": [
      "Jahangirpuri_DPCC",
      "MDCNS_DPCC",
      "VivekVihar_DPCC"
    ],
    "test_sensor_ids": [
      "AshokVihar_DPCC",
      "DKSSR_DPCC",
      "NehruNagar_DPCC"
    ]
  },
  "context_sensor_ids": [
    "AnandVihar_DPCC",
    "AyaNagar_IMD",
    "BurariCrossing_IMD",
    "CRRIMathuraRoad_IMD",
    "DTU_CPCB",
    "DwarkaSector8_DPCC",
    "EastArjunNagar_CPCB",
    "IGIAirport_IMD",
    "IHBAS_CPCB",
    "ITO_CPCB",
    "JNS_DPCC",
    "LodhiRoad_IMD",
    "MandirMarg_DPCC",
    "Mundaka_DPCC",
    "NSIT_CPCB",
    "OkhlaPhase2_DPCC",
    "Patparganj_DPCC",
    "PunjabiBagh_DPCC",
    "RKPuram_DPCC",
    "Rohini_DPCC",
    "Shadipur_CPCB",
    "Sirifort_CPCB",
    "SoniaVihar_DPCC",
    "SriAurobindoMarg_DPCC",
    "Wazirpur_DPCC",
    "Pusa_averaged",
    "Jahangirpuri_DPCC",
    "MDCNS_DPCC",
    "VivekVihar_DPCC"
  ]
}
