{
  "dataset": "atm",
  "model": "senseiver",
  "checkpoint": "/scratch/ab9738/fieldformer/baselines/checkpoints/senseiver_atmsparse_best.pt",
  "obs_key": "U_sensor",
  "mask_key": "U_sensor_mask",
  "num_sparse_test": 53161,
  "bootstrap_samples": 1000,
  "bootstrap_seed": 123,
  "sparse_test": {
    "rmse": 5.0902641554522265,
    "mae": 2.2970139635148854,
    "rmse_bootstrap_std": 0.04094404936306801,
    "mae_bootstrap_std": 0.007875057158292736,
    "channels": {
      "AT": {
        "rmse": 2.2428419442758223,
        "mae": 1.556848003313662,
        "count": 42702,
        "rmse_bootstrap_std": 0.024959913909668698,
        "mae_bootstrap_std": 0.009948604984364827
      },
      "RH": {
        "rmse": 9.559805774891938,
        "mae": 6.3413192217737375,
        "count": 53018,
        "rmse_bootstrap_std": 0.08187200351409153,
        "mae_bootstrap_std": 0.027577167672434958
      },
      "U_x": {
        "rmse": 0.8420720500380358,
        "mae": 0.5181786281391187,
        "count": 51129,
        "rmse_bootstrap_std": 0.011556232075446036,
        "mae_bootstrap_std": 0.0031499231050764677
      },
      "V_y": {
        "rmse": 0.8082014434455236,
        "mae": 0.5002960495755834,
        "count": 51129,
        "rmse_bootstrap_std": 0.009126911458949494,
        "mae_bootstrap_std": 0.0020835462986586624
      }
    }
  }
}
