{
  "dataset": "govpol",
  "model": "senseiver",
  "checkpoint": "/scratch/ab9738/fieldformer/baselines/checkpoints/senseiver_govpolsparse_best.pt",
  "obs_key": "U_sensor",
  "mask_key": "U_sensor_mask",
  "num_sparse_test": 64690,
  "bootstrap_samples": 1000,
  "bootstrap_seed": 123,
  "sparse_test": {
    "rmse": 51.90945674181922,
    "mae": 29.53633746040887,
    "rmse_bootstrap_std": 0.46782990015235604,
    "mae_bootstrap_std": 0.09324447574462405,
    "channels": {
      "pm10": {
        "rmse": 63.799554067211005,
        "mae": 38.81226483482343,
        "count": 57938,
        "rmse_bootstrap_std": 0.6023827287576803,
        "mae_bootstrap_std": 0.186006856062424
      },
      "pm25": {
        "rmse": 37.96860597921696,
        "mae": 21.088457094801704,
        "count": 63617,
        "rmse_bootstrap_std": 0.6667943607861808,
        "mae_bootstrap_std": 0.08633373282804842
      }
    }
  }
}
