{
  "dataset": "govpol",
  "model": "senseiver",
  "checkpoint": "/scratch/ab9738/fieldformer/baselines/checkpoints/senseiver_govpolsparse_best.pt",
  "obs_key": "U_sensor",
  "mask_key": "U_sensor_mask",
  "num_sparse_test": 64690,
  "bootstrap_samples": 1000,
  "bootstrap_seed": 123,
  "sparse_test": {
    "rmse": 49.041398046844485,
    "mae": 28.06290863703673,
    "rmse_bootstrap_std": 0.4683874438593964,
    "mae_bootstrap_std": 0.08554952453661523,
    "channels": {
      "pm10": {
        "rmse": 60.05020509916624,
        "mae": 36.93997894300804,
        "count": 57938,
        "rmse_bootstrap_std": 0.5948379253883498,
        "mae_bootstrap_std": 0.1757920122079881
      },
      "pm25": {
        "rmse": 36.21185998783913,
        "mae": 19.978282141565934,
        "count": 63617,
        "rmse_bootstrap_std": 0.6968257652870871,
        "mae_bootstrap_std": 0.08917257740626325
      }
    }
  }
}
