{
  "dataset": "pol",
  "model": "siren_pinn",
  "checkpoint": "/scratch/ab9738/fieldformer/baselines/checkpoints/siren_pinn_polsparse_best.pt",
  "obs_key": "U_sensor_noisy",
  "num_sparse_test": 32000,
  "num_full_field": 16000000,
  "bootstrap_samples": 1000,
  "bootstrap_seed": 123,
  "sparse_test": {
    "rmse": 0.11577836407605324,
    "mae": 0.09244883441925049,
    "rmse_bootstrap_std": 0.0002912413909202372,
    "mae_bootstrap_std": 0.00018503239946886192
  },
  "full_field": {
    "rmse": 0.45975298108174456,
    "mae": 0.12204985765051841,
    "rmse_bootstrap_std": 0.04290132076683029,
    "mae_bootstrap_std": 0.006210535572504396
  }
}
