{
  "dataset": "atmsplit",
  "model": "siren",
  "checkpoint": "/scratch/ab9738/fieldformer/baselines/checkpoints/siren_atmsplitsparse_best.pt",
  "obs_key": "U_sensor",
  "mask_key": "U_sensor_mask",
  "num_sparse_test": 65202,
  "bootstrap_samples": 1000,
  "bootstrap_seed": 123,
  "sparse_test": {
    "rmse": 11.1324990857469,
    "mae": 6.014482475348056,
    "rmse_bootstrap_std": 0.5256840154677965,
    "mae_bootstrap_std": 0.26435113973213453,
    "channels": {
      "AT": {
        "rmse": 6.35311605904134,
        "mae": 5.044660612552018,
        "count": 65121,
        "rmse_bootstrap_std": 0.4423035831870077,
        "mae_bootstrap_std": 0.3821756049649402
      },
      "RH": {
        "rmse": 21.159240890135397,
        "mae": 17.274675240023313,
        "count": 65202,
        "rmse_bootstrap_std": 1.1198913341854668,
        "mae_bootstrap_std": 1.0184266797694166
      },
      "U_x": {
        "rmse": 2.1011717655016917,
        "mae": 1.0267065465593312,
        "count": 64595,
        "rmse_bootstrap_std": 0.7675985106450777,
        "mae_bootstrap_std": 0.2498369319956953
      },
      "V_y": {
        "rmse": 0.9368085795666016,
        "mae": 0.6139733024034368,
        "count": 64595,
        "rmse_bootstrap_std": 0.16345583661632548,
        "mae_bootstrap_std": 0.06959932563067402
      }
    }
  },
  "split": {
    "split_type": "sensor_holdout",
    "sensor_split_seed": 123,
    "val_sensors": 3,
    "test_sensors": 3,
    "min_valid_frac": 0.1,
    "require_all_channels": false,
    "min_valid_per_channel": 2196,
    "eligible_sensor_indices": [
      0,
      1,
      5,
      7,
      10,
      12,
      13,
      15,
      16,
      17,
      19,
      20,
      21,
      22,
      23,
      24,
      27,
      28,
      29,
      30,
      31
    ],
    "eligible_sensor_ids": [
      "AnandVihar_DPCC",
      "AshokVihar_DPCC",
      "DKSSR_DPCC",
      "DwarkaSector8_DPCC",
      "IHBAS_CPCB",
      "JNS_DPCC",
      "Jahangirpuri_DPCC",
      "MDCNS_DPCC",
      "MandirMarg_DPCC",
      "Mundaka_DPCC",
      "NehruNagar_DPCC",
      "OkhlaPhase2_DPCC",
      "Patparganj_DPCC",
      "PunjabiBagh_DPCC",
      "RKPuram_DPCC",
      "Rohini_DPCC",
      "SoniaVihar_DPCC",
      "SriAurobindoMarg_DPCC",
      "VivekVihar_DPCC",
      "Wazirpur_DPCC",
      "Pusa_averaged"
    ],
    "train_sensor_indices": [
      0,
      2,
      3,
      4,
      6,
      7,
      8,
      9,
      10,
      11,
      12,
      14,
      16,
      17,
      18,
      20,
      21,
      22,
      23,
      24,
      25,
      26,
      27,
      28,
      30,
      31
    ],
    "val_sensor_indices": [
      13,
      15,
      29
    ],
    "test_sensor_indices": [
      1,
      5,
      19
    ],
    "train_sensor_ids": [
      "AnandVihar_DPCC",
      "AyaNagar_IMD",
      "BurariCrossing_IMD",
      "CRRIMathuraRoad_IMD",
      "DTU_CPCB",
      "DwarkaSector8_DPCC",
      "EastArjunNagar_CPCB",
      "IGIAirport_IMD",
      "IHBAS_CPCB",
      "ITO_CPCB",
      "JNS_DPCC",
      "LodhiRoad_IMD",
      "MandirMarg_DPCC",
      "Mundaka_DPCC",
      "NSIT_CPCB",
      "OkhlaPhase2_DPCC",
      "Patparganj_DPCC",
      "PunjabiBagh_DPCC",
      "RKPuram_DPCC",
      "Rohini_DPCC",
      "Shadipur_CPCB",
      "Sirifort_CPCB",
      "SoniaVihar_DPCC",
      "SriAurobindoMarg_DPCC",
      "Wazirpur_DPCC",
      "Pusa_averaged"
    ],
    "val_sensor_ids": [
      "Jahangirpuri_DPCC",
      "MDCNS_DPCC",
      "VivekVihar_DPCC"
    ],
    "test_sensor_ids": [
      "AshokVihar_DPCC",
      "DKSSR_DPCC",
      "NehruNagar_DPCC"
    ]
  },
  "context_sensor_ids": [
    "AnandVihar_DPCC",
    "AyaNagar_IMD",
    "BurariCrossing_IMD",
    "CRRIMathuraRoad_IMD",
    "DTU_CPCB",
    "DwarkaSector8_DPCC",
    "EastArjunNagar_CPCB",
    "IGIAirport_IMD",
    "IHBAS_CPCB",
    "ITO_CPCB",
    "JNS_DPCC",
    "LodhiRoad_IMD",
    "MandirMarg_DPCC",
    "Mundaka_DPCC",
    "NSIT_CPCB",
    "OkhlaPhase2_DPCC",
    "Patparganj_DPCC",
    "PunjabiBagh_DPCC",
    "RKPuram_DPCC",
    "Rohini_DPCC",
    "Shadipur_CPCB",
    "Sirifort_CPCB",
    "SoniaVihar_DPCC",
    "SriAurobindoMarg_DPCC",
    "Wazirpur_DPCC",
    "Pusa_averaged",
    "Jahangirpuri_DPCC",
    "MDCNS_DPCC",
    "VivekVihar_DPCC"
  ]
}
