{
  "dataset": "swe",
  "model": "svgp",
  "checkpoint": "/scratch/ab9738/fieldformer/baselines/checkpoints/svgp_swesparse_best.pt",
  "obs_key": "eta_sensor_noisy",
  "num_sparse_test": 20000,
  "num_full_field": 40960000,
  "bootstrap_samples": 1000,
  "bootstrap_seed": 123,
  "sparse_test": {
    "rmse": 0.10101324398718928,
    "mae": 0.08044072570800781,
    "rmse_bootstrap_std": 0.00043660959644646787,
    "mae_bootstrap_std": 0.0002813441082037502
  },
  "full_field": {
    "rmse": 0.18000795659166996,
    "mae": 0.13111725761145354,
    "rmse_bootstrap_std": 0.00016951140923894244,
    "mae_bootstrap_std": 0.00014489615128117245
  }
}
