{
  "dataset": "govpol",
  "model": "svgp",
  "checkpoint": "/scratch/ab9738/fieldformer/baselines/checkpoints/svgp_govpolsparse_best.pt",
  "obs_key": "U_sensor",
  "mask_key": "U_sensor_mask",
  "num_sparse_test": 64690,
  "bootstrap_samples": 1000,
  "bootstrap_seed": 123,
  "sparse_test": {
    "rmse": 124.36139316686148,
    "mae": 87.71136522561804,
    "rmse_bootstrap_std": 0.3780336138202667,
    "mae_bootstrap_std": 0.23338888717960038,
    "channels": {
      "pm10": {
        "rmse": 147.8581345781278,
        "mae": 110.00747350616176,
        "count": 57938,
        "rmse_bootstrap_std": 0.5387557787530386,
        "mae_bootstrap_std": 0.3128072527944246
      },
      "pm25": {
        "rmse": 98.1858960787445,
        "mae": 67.405591272773,
        "count": 63617,
        "rmse_bootstrap_std": 0.4254815416064215,
        "mae_bootstrap_std": 0.22029985188467804
      }
    }
  }
}
